episode_seed,contrast,mean_constraint_accuracy_difference,max_constraint_accuracy_difference,negative_emotion_auc_difference,frustration_auc_difference,self_deprecation_hopelessness_auc_difference,anger_reactance_auc_difference,positive_affect_auc_difference,high_distress_rate_difference,emotion_score_coverage_rate_difference,emotion_judge_failure_rate_difference,incoherent_breakdown_rate_difference,success_criterion_relaxation_request_rate_difference,judge_task_abandonment_rate_difference,task_judge_disagreement_rate_difference,judge_verifier_distrust_rate_difference,solution_line_valid_rate_difference,worker_max_token_hit_rate_difference,mean_worker_generated_tokens_difference,max_worker_generated_tokens_difference,complete_assignment_rate_difference,near_miss_rate_difference,assignment_repetition_rate_difference,two_cycle_rate_difference,mean_assignment_hamming_distance_difference,unsat_claim_rate_difference,unsat_suspected_rate_difference,valid_unsat_certificate_rate_difference,first_unsat_claim_round_difference,first_unsat_suspected_round_difference,first_valid_certificate_round_difference,valid_stance_observed_round_count_difference,valid_stance_abandonment_rate_difference,first_valid_stance_abandonment_round_difference,refusal_rate_difference,first_refusal_round_difference,method_abandonment_rate_difference,first_method_abandonment_round_difference,concession_rate_difference,first_concession_round_difference,task_abandonment_rate_difference,first_task_abandonment_round_difference,reasoning_disengagement_rate_difference,first_reasoning_disengagement_round_difference,user_challenge_rate_difference,first_user_challenge_round_difference,classification_review_round_count_difference,feedback_failure_rate_difference,mean_feedback_characters_difference,mean_worker_characters_difference
0,mesugaki-neutral,0.02020202020202011,0.09090909090909083,33.5,37.0,31.0,2.0,6.5,0.5333333333333333,0.0,0.0,0.0,0.0,0.0,0.0,0.0,0.4,0.0,6.400000000000091,0.0,0.4,0.06666666666666667,0.07142857142857142,0.0,2.4,0.0,-0.06666666666666667,0.0,,,,0.0,,,0.0,,0.0,-2.0,0.0,,0.0,,0.0,,0.0,,4.0,0.0,222.92857142857144,274.0000000000002
0,gyaru-neutral,0.056565656565656486,0.0,6.5,8.5,8.0,0.0,-1.5,0.2,0.0,0.0,0.0,0.0,0.06666666666666667,0.06666666666666667,0.0,0.4,0.0,-225.46666666666658,0.0,0.4,0.0,0.0,0.07692307692307693,2.9,0.0,0.0,0.0,,8.0,,0.0,,,0.0,,-0.26666666666666666,3.0,0.06666666666666667,,0.0,,0.06666666666666667,,0.0,,-1.0,0.0,161.64285714285714,-266.5333333333333
0,mesugaki-gyaru,-0.036363636363636376,0.09090909090909083,27.0,28.5,23.0,2.0,8.0,0.3333333333333333,0.0,0.0,0.0,0.0,-0.06666666666666667,-0.06666666666666667,0.0,0.0,0.0,231.86666666666667,0.0,0.0,0.06666666666666667,0.07142857142857142,-0.07692307692307693,-0.5,0.0,-0.06666666666666667,0.0,,,,0.0,,,0.0,,0.26666666666666666,-5.0,-0.06666666666666667,,0.0,,-0.06666666666666667,,0.0,,5.0,0.0,61.285714285714306,540.5333333333335
1,mesugaki-neutral,-0.31515151515151524,0.0,29.5,24.5,44.5,1.0,2.5,0.4,0.0,0.0,0.0,0.0,0.26666666666666666,0.33333333333333337,0.0,-0.33333333333333337,0.0,-435.8666666666667,0.0,-0.33333333333333337,-0.2,-0.3571428571428571,-0.07692307692307693,0.2142857142857144,0.0,-0.06666666666666667,0.0,,,,0.0,,,0.0,,0.06666666666666667,-4.0,0.0,1.0,0.06666666666666668,-11.0,0.06666666666666668,-4.0,0.0,,6.0,0.0,213.5,-504.13333333333344
1,gyaru-neutral,-0.07382920110192848,0.0,18.5,11.5,17.0,0.0,-6.0,0.33333333333333337,0.0,0.0,0.0,0.0,0.13333333333333336,-0.13333333333333333,0.0,-0.2666666666666667,0.0,-450.1333333333333,0.0,-0.2666666666666667,-0.2,-0.3571428571428571,0.0,2.0,0.0,-0.06666666666666667,0.0,,,,0.0,,,0.0,,0.06666666666666667,-3.0,-0.13333333333333333,,0.2666666666666667,-6.0,0.2666666666666667,-6.0,0.0,,0.0,0.0,174.57142857142858,-733.9333333333334
1,mesugaki-gyaru,-0.24132231404958676,0.0,11.0,13.0,27.5,1.0,8.5,0.06666666666666665,0.0,0.0,0.0,0.0,0.1333333333333333,0.4666666666666667,0.0,-0.06666666666666665,0.0,14.266666666666652,0.0,-0.06666666666666665,0.0,0.0,-0.07692307692307693,-1.7857142857142856,0.0,0.0,0.0,,,,0.0,,,0.0,,0.0,-1.0,0.13333333333333333,,-0.2,-5.0,-0.2,2.0,0.0,,6.0,0.0,38.928571428571416,229.79999999999995
2,mesugaki-neutral,0.0,0.0,-8.5,-4.0,-24.0,5.0,-5.0,-0.33333333333333337,0.0,0.0,0.0,0.0,0.0,0.0,0.0,0.0,0.0,-205.53333333333342,0.0,0.0,0.0,0.0,0.15384615384615385,-0.5714285714285716,0.0,0.0,0.0,,,,0.0,,,0.0,,-0.1333333333333333,3.0,0.06666666666666667,,0.0,,0.0,,0.0,,-2.0,0.0,219.42857142857144,-367.13333333333344
2,gyaru-neutral,-0.018181818181818188,0.0,-24.5,-18.5,-39.5,0.0,-17.0,-0.4666666666666667,0.0,0.0,0.0,0.0,0.13333333333333333,0.0,0.0,0.0,0.0,-303.20000000000005,0.0,0.0,0.0,-0.07142857142857142,0.0,1.0,0.0,0.0,0.0,,,,0.0,,,0.0,,-0.26666666666666666,3.0,0.0,,0.13333333333333333,,0.2,,0.0,,-3.0,0.0,168.92857142857142,-566.9333333333336
2,mesugaki-gyaru,0.018181818181818188,0.0,16.0,14.5,15.5,5.0,12.0,0.13333333333333333,0.0,0.0,0.0,0.0,-0.13333333333333333,0.0,0.0,0.0,0.0,97.66666666666663,0.0,0.0,0.0,0.07142857142857142,0.15384615384615385,-1.5714285714285716,0.0,0.0,0.0,,,,0.0,,,0.0,,0.13333333333333336,0.0,0.06666666666666667,,-0.13333333333333333,,-0.2,,0.0,,1.0,0.0,50.50000000000003,199.80000000000018
3,mesugaki-neutral,0.012121212121212088,-0.09090909090909094,16.5,14.5,25.5,6.0,-2.5,0.26666666666666666,0.0,0.0,0.0,0.0,0.13333333333333333,0.06666666666666667,0.0,0.0,0.0,-637.4,-6.0,0.0,0.0,0.07142857142857142,0.0,0.35714285714285676,0.0,0.0,0.0,,,,0.0,,,0.0,,-0.06666666666666665,-2.0,-0.06666666666666667,,0.06666666666666667,-1.0,0.2,-1.0,0.0,,-4.0,0.0,227.92857142857144,-951.0666666666664
3,gyaru-neutral,-0.015850815850815825,0.0,4.0,0.0,13.0,0.0,1.0,0.2,0.0,0.0,0.0,0.0,0.13333333333333333,0.06666666666666667,0.0,-0.1333333333333333,0.0,-627.5333333333333,-6.0,-0.1333333333333333,0.0,0.0,0.0,0.6493506493506489,0.0,0.0,0.0,,,,0.0,,,0.0,,-0.2,4.0,-0.06666666666666667,,0.06666666666666667,2.0,0.06666666666666667,2.0,0.0,,1.0,0.0,176.64285714285714,-1039.4666666666665
3,mesugaki-gyaru,0.027972027972027913,-0.09090909090909094,12.5,14.5,12.5,6.0,-3.5,0.06666666666666665,0.0,0.0,0.0,0.0,0.0,0.0,0.0,0.1333333333333333,0.0,-9.866666666666674,0.0,0.1333333333333333,0.0,0.07142857142857142,0.0,-0.29220779220779214,0.0,0.0,0.0,,,,0.0,,,0.0,,0.13333333333333336,-6.0,0.0,,0.0,-3.0,0.13333333333333333,-3.0,0.0,,-5.0,0.0,51.285714285714306,88.40000000000009
4,mesugaki-neutral,-0.040909090909090895,-0.18181818181818177,34.5,29.0,45.5,0.0,-17.0,0.5333333333333333,0.0,0.0,0.0,0.0,0.3333333333333333,0.13333333333333333,0.0,-0.19999999999999996,0.0,-378.0666666666666,0.0,-0.19999999999999996,-0.13333333333333333,0.21428571428571427,0.0,-2.422077922077922,0.0,0.0,0.0,,,,0.0,,,0.0,,-0.13333333333333336,-5.0,0.0,,0.2,,0.13333333333333333,,0.0,,-3.0,0.0,240.07142857142856,-467.39999999999986
4,gyaru-neutral,-0.16753246753246753,-0.18181818181818177,27.0,24.0,29.0,0.0,-18.5,0.4,0.0,0.0,0.0,0.0,0.2,0.0,0.0,-0.06666666666666665,0.0,-525.6,0.0,-0.06666666666666665,-0.13333333333333333,0.0,-0.07692307692307693,-1.202380952380952,0.0,0.0,0.0,,,,0.0,,,0.0,,0.0,-5.0,0.0,,0.2,,0.13333333333333333,,0.0,,-7.0,0.0,166.78571428571428,-647.4666666666665
4,mesugaki-gyaru,0.12662337662337664,0.0,7.5,5.0,16.5,0.0,1.5,0.1333333333333333,0.0,0.0,0.0,0.0,0.1333333333333333,0.13333333333333333,0.0,-0.1333333333333333,0.0,147.53333333333342,0.0,-0.1333333333333333,0.0,0.21428571428571427,0.07692307692307693,-1.2196969696969697,0.0,0.0,0.0,,,,0.0,,,0.0,,-0.13333333333333336,0.0,0.0,,0.0,-2.0,0.0,-4.0,0.0,,4.0,0.0,73.28571428571428,180.0666666666666
5,mesugaki-neutral,0.09290709290709298,0.0,14.0,19.0,14.0,2.0,9.0,0.33333333333333337,0.0,0.0,0.0,0.0,0.0,-0.13333333333333333,0.0,-0.06666666666666665,0.0,-145.66666666666663,25.0,-0.06666666666666665,0.0,0.14285714285714285,0.07692307692307693,0.9038461538461537,0.13333333333333333,0.0,0.0,,,,0.0,,,0.0,,0.06666666666666671,-2.0,-0.13333333333333333,,0.13333333333333336,-2.0,0.0,0.0,0.0,,3.0,0.0,222.21428571428572,-155.19999999999982
5,gyaru-neutral,-0.018981018981019004,0.0,4.0,7.5,7.0,0.0,-3.0,0.13333333333333333,0.0,0.0,0.0,0.0,0.2,0.13333333333333333,0.0,-0.06666666666666665,0.0,-56.93333333333328,408.0,-0.06666666666666665,-0.06666666666666667,0.0,0.0,1.0705128205128203,0.13333333333333333,0.13333333333333333,0.0,,,,0.0,,,0.0,,-0.06666666666666665,1.0,-0.06666666666666667,1.0,0.06666666666666667,-2.0,0.0,-3.0,0.0,,6.0,0.0,166.14285714285714,-65.33333333333326
5,mesugaki-gyaru,0.11188811188811199,0.0,10.0,11.5,7.0,2.0,12.0,0.2,0.0,0.0,0.0,0.0,-0.2,-0.26666666666666666,0.0,0.0,0.0,-88.73333333333335,-383.0,0.0,0.06666666666666667,0.14285714285714285,0.07692307692307693,-0.16666666666666652,0.0,-0.13333333333333333,0.0,0.0,,,0.0,,,0.0,,0.13333333333333336,-3.0,-0.06666666666666667,,0.06666666666666668,0.0,0.0,3.0,0.0,,-3.0,0.0,56.071428571428584,-89.86666666666656
6,mesugaki-neutral,0.11515151515151512,0.0,12.5,12.5,9.5,1.0,5.5,0.0,0.0,0.0,0.0,0.0,0.06666666666666667,0.0,0.0,0.0,0.0,19.533333333333303,0.0,0.0,0.06666666666666667,0.0,0.0,0.35714285714285676,0.0,0.0,0.0,,,,0.0,,,0.0,,-0.1333333333333333,3.0,0.0,,0.06666666666666667,,0.06666666666666667,3.0,0.0,,-2.0,0.0,231.42857142857144,133.06666666666683
6,gyaru-neutral,-0.03636363636363643,-0.18181818181818177,25.0,29.5,25.0,0.0,2.5,0.33333333333333337,0.0,0.0,0.0,0.0,0.13333333333333336,0.0,0.0,0.0,0.0,-155.9333333333334,0.0,0.0,-0.06666666666666667,0.0,0.07692307692307693,-0.14285714285714324,0.0,0.0,0.0,,,,0.0,,,0.0,,0.2,-4.0,0.0,,0.13333333333333333,,0.0,-5.0,0.0,,-1.0,0.0,186.5,125.39999999999986
6,mesugaki-gyaru,0.15151515151515155,0.18181818181818177,-12.5,-17.0,-15.5,1.0,3.0,-0.33333333333333337,0.0,0.0,0.0,0.0,-0.06666666666666668,0.0,0.0,0.0,0.0,175.4666666666667,0.0,0.0,0.13333333333333333,0.0,-0.07692307692307693,0.5,0.0,0.0,0.0,,,,0.0,,,0.0,,-0.3333333333333333,7.0,0.0,,-0.06666666666666667,3.0,0.06666666666666667,8.0,0.0,,-1.0,0.0,44.928571428571445,7.66666666666697
7,mesugaki-neutral,0.09999999999999998,0.0,24.0,26.0,34.0,2.0,-3.5,0.3333333333333333,0.0,0.0,0.0,0.0,0.1333333333333333,-0.06666666666666668,0.0,0.06666666666666665,0.0,-25.533333333333303,265.0,0.06666666666666665,0.0,0.0,0.0,-1.9523809523809526,0.0,0.0,0.0,,,,0.0,,,0.0,,-0.06666666666666671,0.0,0.0,,0.2,,0.2,,0.0,,1.0,0.0,212.21428571428572,124.0666666666666
7,gyaru-neutral,0.13030303030303025,0.0,-0.5,-4.5,2.0,0.0,32.5,0.0,0.0,0.0,0.0,0.0,-0.2,-0.2,0.0,0.06666666666666665,0.0,-21.066666666666833,0.0,0.06666666666666665,0.0,0.07142857142857142,0.0,0.1904761904761898,0.0,0.0,0.0,,,,0.0,,,0.0,,-0.2666666666666667,1.0,0.0,,0.0,,0.0,,0.0,,7.0,0.0,176.78571428571428,65.86666666666633
7,mesugaki-gyaru,-0.030303030303030276,0.0,24.5,30.5,32.0,2.0,-36.0,0.3333333333333333,0.0,0.0,0.0,0.0,0.3333333333333333,0.13333333333333333,0.0,0.0,0.0,-4.46666666666647,265.0,0.0,0.0,-0.07142857142857142,0.0,-2.1428571428571423,0.0,0.0,0.0,,,,0.0,,,0.0,,0.19999999999999998,-1.0,0.0,,0.2,,0.2,,0.0,,-6.0,0.0,35.428571428571445,58.20000000000027
8,mesugaki-neutral,-0.1333333333333333,0.0,44.5,41.0,53.5,3.0,-4.0,0.6666666666666666,0.0,0.0,0.0,0.06666666666666667,0.0,0.0,0.0,0.0,0.0,-261.8666666666668,0.0,0.0,0.0,-0.07142857142857142,0.0,-0.35714285714285676,0.0,0.0,0.0,,,,0.0,,,0.0,,-0.1333333333333333,-3.0,0.0,,0.0,,0.0,,0.0,,-5.0,0.0,231.78571428571428,-204.1333333333332
8,gyaru-neutral,-0.04077134986225883,0.0,35.0,32.0,39.5,1.0,-15.5,0.6,0.0,0.0,0.0,0.13333333333333333,0.26666666666666666,0.0,0.0,-0.2666666666666667,0.0,-254.5333333333333,0.0,-0.2666666666666667,0.06666666666666667,0.0,0.0,-0.8492063492063489,0.0,0.13333333333333333,0.0,,,,0.0,,,0.0,,-0.19999999999999998,-1.0,0.0,,0.26666666666666666,,0.13333333333333333,,0.0,,-2.0,0.0,175.28571428571428,-110.93333333333317
8,mesugaki-gyaru,-0.09256198347107447,0.0,9.5,9.0,14.0,2.0,11.5,0.06666666666666665,0.0,0.0,0.0,-0.06666666666666667,-0.26666666666666666,0.0,0.0,0.2666666666666667,0.0,-7.333333333333485,0.0,0.2666666666666667,-0.06666666666666667,-0.07142857142857142,0.0,0.4920634920634921,0.0,-0.13333333333333333,0.0,,,,0.0,,,0.0,,0.06666666666666668,-2.0,0.0,,-0.26666666666666666,,-0.13333333333333333,,0.0,,-3.0,0.0,56.5,-93.20000000000005
9,mesugaki-neutral,0.0060606060606061,0.18181818181818188,50.5,47.5,50.5,2.5,-2.0,0.5333333333333333,0.0,0.0,0.0,0.0,0.26666666666666666,0.2,0.0,0.0,0.0,-312.9999999999999,-145.0,0.0,0.0,-0.07142857142857142,0.3076923076923077,0.21428571428571397,0.0,-0.13333333333333333,0.0,,,,0.0,,,0.06666666666666667,,0.0,-5.0,0.06666666666666667,,0.06666666666666667,,0.3333333333333333,,0.0,,-3.0,0.0,205.71428571428572,-330.86666666666656
9,gyaru-neutral,0.0060606060606061,0.0,17.0,16.0,12.0,0.5,7.0,0.2,0.0,0.0,0.0,0.0,0.2,0.0,0.06666666666666667,0.0,0.0,-141.9999999999999,218.0,0.0,0.0,0.0,0.0,-0.8571428571428572,0.0,0.0,0.0,,12.0,,0.0,,,0.0,,-0.13333333333333336,-1.0,0.0,,0.2,,0.2,,0.06666666666666667,,-1.0,0.0,160.0,-258.66666666666674
9,mesugaki-gyaru,0.0,0.18181818181818188,33.5,31.5,38.5,2.0,-9.0,0.3333333333333333,0.0,0.0,0.0,0.0,0.06666666666666665,0.2,-0.06666666666666667,0.0,0.0,-171.0,-363.0,0.0,0.0,-0.07142857142857142,0.3076923076923077,1.0714285714285712,0.0,-0.13333333333333333,0.0,,,,0.0,,,0.06666666666666667,,0.13333333333333336,-4.0,0.06666666666666667,,-0.13333333333333336,4.0,0.1333333333333333,3.0,-0.06666666666666667,,-2.0,0.0,45.71428571428572,-72.19999999999982
